strain	length	A	C	G	T	N	other_IUPAC	-	?	invalid_nucleotides
KY426757/AF3/Germany/2016	11115	2990	2523	3138	2464	0	0	0	0	0
AY453411/EU1/Austria/2001	11066	2996	2524	3120	2426	0	0	0	0	0
KJ438766/EU3/Germany/2012	11066	2999	2522	3120	2425	0	0	0	0	0
KY263625/AF3/Belgium/2016	11066	2978	2504	3140	2443	0	1	0	0	0
KY263626/EU3/Belgium/2016	11066	2999	2516	3120	2431	0	0	0	0	0
MK419834/AF3/Belgium/2018	11066	2980	2496	3138	2452	0	0	0	0	0
MT580899/EUx/Germany/2018	11066	3003	2524	3118	2421	0	0	0	0	0
OR166162/EUx/Germany/2018	11066	3004	2523	3119	2420	0	0	0	0	0
OR166165/EUx/Germany/2018	11066	3003	2524	3119	2420	0	0	0	0	0
EF206350/EU1/Hungary/2005	11065	2992	2519	3124	2430	0	0	0	0	0
HM569263/EU2/Italy/2009	11065	2989	2520	3126	2430	0	0	0	0	0
JF266698/EU2/Italy/2009	11065	2988	2519	3128	2430	0	0	0	0	0
KJ438705/EU3/Germany/2010	11065	2998	2522	3121	2424	0	0	0	0	0
KJ438706/EU3/Germany/2011	11065	2996	2523	3122	2424	0	0	0	0	0
KJ438707/EU3/Germany/2011	11065	2995	2523	3122	2425	0	0	0	0	0
KJ438708/EU3/Germany/2011	11065	2994	2522	3123	2426	0	0	0	0	0
KJ438709/EU3/Germany/2012	11065	2998	2524	3119	2424	0	0	0	0	0
KJ438710/EU3/Germany/2011	11065	2997	2522	3121	2425	0	0	0	0	0
KJ438711/EU3/Germany/2011	11065	2996	2524	3120	2425	0	0	0	0	0
KJ438712/EU3/Germany/2011	11065	2998	2522	3120	2425	0	0	0	0	0
KJ438713/EU3/Germany/2011	11065	2995	2523	3123	2424	0	0	0	0	0
KJ438714/EU3/Germany/2011	11065	2996	2524	3122	2423	0	0	0	0	0
KJ438715/EU3/Germany/2011	11065	2994	2521	3123	2427	0	0	0	0	0
KJ438716/EU3/Germany/2012	11065	2996	2525	3122	2422	0	0	0	0	0
KJ438717/EU3/Germany/2012	11065	2993	2524	3123	2425	0	0	0	0	0
KJ438718/EU3/Germany/2011	11065	2996	2522	3121	2426	0	0	0	0	0
KJ438719/EU3/Germany/2011	11065	2995	2522	3121	2427	0	0	0	0	0
KJ438720/EU3/Germany/2011	11065	2994	2522	3122	2427	0	0	0	0	0
KJ438721/EU3/Germany/2011	11065	2995	2524	3121	2425	0	0	0	0	0
KJ438722/EU3/Germany/2012	11065	2997	2524	3120	2424	0	0	0	0	0
KJ438723/EU3/Germany/2011	11065	2998	2522	3121	2424	0	0	0	0	0
KJ438724/EU3/Germany/2011	11065	2997	2522	3122	2424	0	0	0	0	0
KJ438725/EU3/Germany/2011	11065	2995	2524	3121	2425	0	0	0	0	0
KJ438726/EU3/Germany/2011	11065	2997	2524	3121	2423	0	0	0	0	0
KJ438727/EU3/Germany/2011	11065	2993	2519	3125	2428	0	0	0	0	0
KJ438728/EU3/Germany/2011	11065	2997	2525	3118	2425	0	0	0	0	0
KJ438729/EU3/Germany/2012	11065	2993	2525	3124	2423	0	0	0	0	0
KJ438730/EU3/Germany/2011	11065	2997	2521	3122	2425	0	0	0	0	0
KJ438731/EU3/Germany/2011	11065	2994	2523	3123	2425	0	0	0	0	0
KJ438732/EU3/Germany/2011	11065	2995	2522	3123	2425	0	0	0	0	0
KJ438733/EU3/Germany/2012	11065	2995	2524	3121	2425	0	0	0	0	0
KJ438734/EU3/Germany/2011	11065	2994	2525	3124	2422	0	0	0	0	0
KJ438735/EU3/Germany/2012	11065	2994	2521	3123	2427	0	0	0	0	0
KJ438736/EU3/Germany/2012	11065	2997	2523	3121	2424	0	0	0	0	0
KJ438737/EU3/Germany/2011	11065	2997	2525	3121	2422	0	0	0	0	0
KJ438738/EU3/Germany/2011	11065	2995	2520	3122	2428	0	0	0	0	0
KJ438739/EU3/Germany/2013	11065	2997	2521	3122	2425	0	0	0	0	0
KJ438740/EU3/Germany/2011	11065	2998	2524	3119	2424	0	0	0	0	0
KJ438741/EU3/Germany/2013	11065	2998	2525	3119	2423	0	0	0	0	0
KJ438742/EU3/Germany/2013	11065	2994	2521	3123	2427	0	0	0	0	0
KJ438743/EU3/Germany/2011	11065	2996	2525	3121	2423	0	0	0	0	0
KJ438744/EU3/Germany/2012	11065	2991	2524	3125	2425	0	0	0	0	0
KJ438745/EU3/Germany/2011	11065	2997	2519	3121	2428	0	0	0	0	0
KJ438746/EU3/Germany/2011	11065	2995	2520	3122	2428	0	0	0	0	0
KJ438747/EU3/Germany/2012	11065	2994	2519	3121	2431	0	0	0	0	0
KJ438748/EU3/Germany/2012	11065	2998	2521	3120	2426	0	0	0	0	0
KJ438749/EU3/Germany/2012	11065	2996	2521	3122	2426	0	0	0	0	0
KJ438750/EU3/Germany/2011	11065	2998	2521	3122	2424	0	0	0	0	0
KJ438751/EU3/Germany/2011	11065	2995	2519	3122	2429	0	0	0	0	0
KJ438752/EU3/Germany/2011	11065	2997	2520	3123	2425	0	0	0	0	0
KJ438753/EU3/Germany/2011	11065	2999	2522	3120	2424	0	0	0	0	0
KJ438754/EU3/Germany/2012	11065	2994	2524	3124	2423	0	0	0	0	0
KJ438755/EU3/Germany/2011	11065	2994	2522	3122	2427	0	0	0	0	0
KJ438756/EU3/Germany/2011	11065	2995	2522	3122	2426	0	0	0	0	0
KJ438757/EU3/Germany/2013	11065	2996	2522	3120	2427	0	0	0	0	0
KJ438758/EU3/Germany/2013	11065	2999	2520	3121	2425	0	0	0	0	0
KJ438759/EU3/Germany/2011	11065	2994	2519	3124	2428	0	0	0	0	0
KJ438761/EU3/Germany/2011	11065	2996	2521	3120	2428	0	0	0	0	0
KJ438762/EU3/Germany/2011	11065	2994	2521	3121	2429	0	0	0	0	0
KJ438763/EU3/Germany/2012	11065	2998	2519	3119	2429	0	0	0	0	0
KJ438767/EU3/Germany/2011	11065	2991	2525	3123	2426	0	0	0	0	0
KJ438768/EU3/Germany/2013	11065	2996	2525	3119	2425	0	0	0	0	0
KJ438769/EU3/Germany/2011	11065	2992	2522	3123	2428	0	0	0	0	0
KJ438770/EU3/Germany/2011	11065	2989	2521	3126	2429	0	0	0	0	0
KJ438771/EU3/Germany/2013	11065	2992	2523	3123	2427	0	0	0	0	0
KJ438772/EU3/Germany/2011	11065	2992	2526	3123	2424	0	0	0	0	0
KJ438773/EU3/Germany/2011	11065	2997	2521	3120	2427	0	0	0	0	0
KJ438774/EU3/Germany/2012	11065	2995	2527	3121	2422	0	0	0	0	0
KJ438775/EU3/Germany/2011	11065	2991	2525	3126	2423	0	0	0	0	0
KJ438776/EU3/Germany/2011	11065	2994	2523	3124	2424	0	0	0	0	0
KJ438777/EU3/Germany/2011	11065	2993	2519	3123	2430	0	0	0	0	0
KJ438778/EU3/Germany/2011	11065	2995	2522	3123	2425	0	0	0	0	0
KJ438781/EU3/Germany/2011	11065	2991	2528	3125	2421	0	0	0	0	0
KJ859682/EU3/Germany/2013	11065	2993	2523	3121	2428	0	0	0	0	0
KJ859683/EU3/Germany/2013	11065	2995	2523	3122	2425	0	0	0	0	0
KM659877/AF3/Germany/2014	11065	2975	2503	3143	2444	0	0	0	0	0
KX601691/EU3/France/2015	11065	2994	2522	3125	2424	0	0	0	0	0
KY199557/AF3/Germany/2016	11065	2980	2505	3136	2444	0	0	0	0	0
KY199558/EU3/Germany/2016	11065	2997	2524	3119	2425	0	0	0	0	0
KY263624/EU3/Belgium/2016	11065	2998	2521	3116	2430	0	0	0	0	0
MK230890/EU3/Belgium/2017	11065	3000	2517	3117	2431	0	0	0	0	0
MK230891/AF3/Belgium/2017	11065	2981	2507	3133	2444	0	0	0	0	0
MK230892/EU3/Belgium/2017	11065	2993	2522	3123	2427	0	0	0	0	0
MK230893/AF3/Belgium/2017	11065	2992	2516	3122	2435	0	0	0	0	0
MT795154/EUx/Germany/2016	11065	2973	2500	3143	2449	0	0	0	0	0
OP422562/EUx/Germany/2019	11065	2971	2498	3144	2452	0	0	0	0	0
OR141601/EUx/Germany/2023	11065	3002	2518	3123	2422	0	0	0	0	0
AY453412/AF2/SouthAfrica/1959	11064	2996	2511	3123	2434	0	0	0	0	0
KF573410/AF2/Spain/2006	11064	3000	2505	3119	2440	0	0	0	0	0
KU760915/EUx/Spain/2010	11064	2995	2511	3124	2434	0	0	0	0	0
KY199556/AF2/Germany/2016	11064	3001	2501	3116	2446	0	0	0	0	0
KX268471/EUx/Italy/2011	11064	2990	2519	3126	2429	0	0	0	0	0
MT188658/EU3/Netherlands/2016	11064	2973	2495	3146	2450	0	0	0	0	0
OR141599/EUx/Germany/2023	11063	2997	2522	3120	2424	0	0	0	0	0
MF063042/EU2/Austria/2016	11062	2986	2518	3127	2431	0	0	0	0	0
OR141604/EUx/Germany/2023	11062	2973	2500	3146	2443	0	0	0	0	0
OR141605/EUx/Germany/2023	11062	2995	2522	3121	2424	0	0	0	0	0
OR166148/EUx/Germany/2018	11062	2969	2500	3145	2448	0	0	0	0	0
OR166157/EUx/Germany/2018	11062	2995	2520	3122	2425	0	0	0	0	0
OR166158/EUx/Germany/2018	11062	2991	2525	3118	2428	0	0	0	0	0
OR166167/EUx/Germany/2018	11062	2996	2520	3122	2424	0	0	0	0	0
KJ438779/EU3/Germany/2012	11060	2993	2519	3122	2426	0	0	0	0	0
MT241508/AF3/Uganda/2012	11060	2986	2521	3130	2423	0	0	0	0	0
OP422563/EUx/Germany/2019	11060	2995	2519	3125	2421	0	0	0	0	0
OR166141/EUx/Germany/2018	11057	2974	2491	3139	2453	0	0	0	0	0
KY294723/AF3/Germany/2016	11053	2972	2502	3140	2439	0	0	0	0	0
OR141530/EUx/Germany/2023	11053	2971	2501	3141	2440	0	0	0	0	0
OR166150/EUx/Germany/2018	11053	2968	2501	3142	2442	0	0	0	0	0
KY128482/AF3/Netherlands/2016	11052	2975	2500	3132	2445	0	0	0	0	0
OP555956/EUx/Belgium/2017	11051	2991	2506	3121	2433	0	0	0	0	0
OR166137/EUx/Germany/2017	11050	2995	2520	3116	2419	0	0	0	0	0
KJ438765/EU3/Germany/2011	11049	2993	2513	3116	2427	0	0	0	0	0
KJ438780/EU3/Germany/2011	11049	2990	2519	3117	2423	0	0	0	0	0
JQ219843/EU1/Austria/2002	11047	2993	2512	3115	2426	0	1	0	0	0
KJ438764/EU3/Germany/2012	11046	2990	2516	3117	2423	0	0	0	0	0
OR166144/EUx/Germany/2018	11045	2996	2517	3115	2417	0	0	0	0	0
KX268472/EUx/Spain/2009	11043	2998	2495	3111	2439	0	0	0	0	0
KY426767/EU3/Germany/2016	11042	2985	2526	3112	2419	0	0	0	0	0
KY426768/EU3/Germany/2016	11042	2986	2527	3111	2418	0	0	0	0	0
MG461306/EU5/Israel/2015	11042	2972	2498	3130	2442	0	0	0	0	0
MG461307/EU5/Israel/2015	11042	2972	2500	3132	2438	0	0	0	0	0
MG461308/EU5/Israel/2015	11042	2974	2496	3129	2443	0	0	0	0	0
OP422565/EUx/Germany/2019	11040	2970	2501	3128	2441	0	0	0	0	0
KU664608/AF2/Germany/2015	11038	2989	2499	3116	2434	0	0	0	0	0
KX555624/EU2/Italy/2010	11035	2979	2510	3120	2426	0	0	0	0	0
KX555626/EU2/Italy/2010	11035	2981	2507	3118	2429	0	0	0	0	0
MG461310/EU5/Israel/2004	11035	2967	2511	3128	2429	0	0	0	0	0
ON032487/EUx/Italy/2021	11035	2978	2504	3123	2430	0	0	0	0	0
OP555957/EUx/Belgium/2017	11035	2986	2508	3115	2425	0	1	0	0	0
KJ438760/EU3/Germany/2011	11032	2989	2524	3110	2409	0	0	0	0	0
ON032478/EUx/Italy/2018	11032	2978	2508	3122	2424	0	0	0	0	0
MG461312/EU5/Israel/2004	11028	2968	2507	3127	2426	0	0	0	0	0
KY426769/EU3/Germany/2016	11027	2984	2512	3109	2422	0	0	0	0	0
ON032479/EUx/Italy/2010	11027	2979	2510	3114	2423	1	0	0	0	0
ON032486/EUx/Italy/2021	11027	2980	2499	3116	2431	1	0	0	0	0
KX601690/EU3/France/2015	11024	2988	2511	3110	2415	0	0	0	0	0
KX555629/EU4/Italy/2015	11023	2987	2507	3104	2425	0	0	0	0	0
KY426756/EU3/Germany/2016	11021	2983	2515	3103	2420	0	0	0	0	0
MG461311/EU5/Israel/2004	11021	2966	2509	3123	2423	0	0	0	0	0
KY426760/EU3/Germany/2016	11019	2981	2506	3105	2427	0	0	0	0	0
MG461309/EU5/Israel/2004	11017	2970	2507	3116	2424	0	0	0	0	0
KY426759/EU3/Germany/2016	11016	2980	2514	3107	2415	0	0	0	0	0
MF374485/AF2/SouthAfrica/1959	11015	2987	2497	3109	2422	0	0	0	0	0
ON032485/EUx/Italy/2021	11010	2974	2499	3112	2425	0	0	0	0	0
OR166154/EUx/Germany/2018	11010	2975	2514	3103	2418	0	0	0	0	0
KY426755/EU3/Germany/2016	11009	2980	2510	3104	2415	0	0	0	0	0
KX555627/EU2/Italy/2010	11008	2977	2501	3113	2417	0	0	0	0	0
ON032482/EUx/Italy/2021	11006	2967	2501	3114	2423	0	1	0	0	0
ON813234/EUx/Italy/2021	11006	2971	2499	3110	2422	3	1	0	0	0
ON032480/EUx/Italy/2021	11005	2974	2497	3107	2427	0	0	0	0	0
HE599647/EU3/Germany/2011	11003	2977	2509	3102	2415	0	0	0	0	0
KX555625/EU2/Italy/2010	11003	2976	2503	3112	2412	0	0	0	0	0
MT133690/EUx/Sweden/2019	11002	2971	2508	3106	2417	0	0	0	0	0
ON032481/EUx/Italy/2021	11002	2969	2497	3109	2426	1	0	0	0	0
ON032483/EUx/Italy/2021	11002	2968	2497	3100	2422	15	0	0	0	0
ON032484/EUx/Italy/2021	11002	2962	2491	3101	2422	26	0	0	0	0
MG461313/EU5/Israel/2015	11000	2967	2488	3113	2432	0	0	0	0	0
LR989890/EUx/Germany/2019	11000	2974	2496	3114	2416	0	0	0	0	0
OP422564/EUx/Germany/2019	11000	2969	2501	3110	2420	0	0	0	0	0
MT784899/EUx/Italy/2017	10998	2969	2496	3105	2423	2	3	0	0	0
OP555958/EUx/Belgium/2017	10998	2980	2504	3099	2415	0	0	0	0	0
KX601692/AF2/France/2015	10995	2983	2484	3097	2431	0	0	0	0	0
OR166147/EUx/Germany/2018	10992	2965	2489	3117	2421	0	0	0	0	0
LR989887/EUx/Germany/2018	10991	2987	2491	3096	2417	0	0	0	0	0
KY426766/EU3/Germany/2016	10990	2967	2504	3107	2412	0	0	0	0	0
OR166143/EUx/Germany/2018	10990	2969	2502	3106	2413	0	0	0	0	0
OR166145/EUx/Germany/2018	10990	2977	2504	3102	2407	0	0	0	0	0
OR166156/EUx/Germany/2018	10990	2974	2502	3103	2411	0	0	0	0	0
OR166164/EUx/Germany/2018	10987	2970	2504	3103	2410	0	0	0	0	0
LR989886/EUx/Germany/2018	10986	2984	2488	3098	2416	0	0	0	0	0
OR166169/EUx/Germany/2018	10984	2971	2501	3099	2413	0	0	0	0	0
OU674388/EUx/Luxembourg/2020	10981	2960	2501	3112	2407	0	1	0	0	0
OR166138/EUx/Germany/2017	10980	2975	2500	3099	2406	0	0	0	0	0
KY426764/AF3/Germany/2016	10978	2956	2483	3115	2424	0	0	0	0	0
KY426763/EU3/Germany/2016	10976	2965	2496	3104	2411	0	0	0	0	0
KY294722/AF3/Germany/2016	10973	2948	2484	3119	2422	0	0	0	0	0
MT863562/AF3/France/2018	10973	2958	2479	3109	2427	0	0	0	0	0
KX816650/EU2/Italy/2012	10969	2968	2501	3104	2395	0	1	0	0	0
KY426758/AF2/Germany/2016	10964	2977	2486	3089	2412	0	0	0	0	0
KY426750/EU3/Germany/2015	10962	2970	2505	3094	2393	0	0	0	0	0
KY426770/EU3/Germany/2016	10960	2966	2501	3092	2401	0	0	0	0	0
KY315178/EU3/Belgium/2016	10959	2963	2497	3097	2402	0	0	0	0	0
OR166159/EUx/Germany/2018	10959	2974	2499	3097	2389	0	0	0	0	0
OR166166/EUx/Germany/2018	10959	2968	2504	3096	2391	0	0	0	0	0
KX555628/EU2/Italy/2010	10954	2962	2491	3095	2406	0	0	0	0	0
KY426751/EU3/Germany/2015	10954	2965	2507	3090	2392	0	0	0	0	0
KY426753/EU3/Germany/2015	10951	2968	2500	3088	2395	0	0	0	0	0
KY426752/EU3/Germany/2015	10948	2967	2502	3087	2392	0	0	0	0	0
ON032474/EUx/Italy/2020	10948	2953	2484	3102	2409	0	0	0	0	0
KY426761/AF3/Germany/2016	10945	2944	2482	3107	2412	0	0	0	0	0
MT784898/EUx/Italy/2017	10941	2952	2479	3102	2408	0	0	0	0	0
MK796169/EU3/Netherlands/2016	10932	2961	2493	3086	2392	0	0	0	0	0
MN122145/AF3/Netherlands/2016	10932	2938	2474	3105	2415	0	0	0	0	0
MN122146/AF3/Netherlands/2016	10932	2940	2474	3103	2415	0	0	0	0	0
MN122148/AF3/Netherlands/2016	10932	2937	2470	3108	2417	0	0	0	0	0
MN122149/AF3/Netherlands/2016	10932	2943	2481	3100	2408	0	0	0	0	0
MN122150/AF3/Netherlands/2016	10932	2941	2479	3102	2410	0	0	0	0	0
MN122151/AF3/Netherlands/2016	10932	2936	2476	3106	2414	0	0	0	0	0
MN122152/EU3/Netherlands/2016	10932	2959	2496	3086	2391	0	0	0	0	0
MN122153/AF3/Netherlands/2016	10932	2943	2478	3100	2411	0	0	0	0	0
MN122154/EU3/Netherlands/2016	10932	2957	2493	3086	2396	0	0	0	0	0
MN122155/AF3/Netherlands/2016	10932	2941	2472	3103	2416	0	0	0	0	0
MN122156/AF3/Netherlands/2016	10932	2935	2475	3107	2415	0	0	0	0	0
MN122157/AF3/Netherlands/2016	10932	2942	2483	3102	2405	0	0	0	0	0
MN122158/EU3/Netherlands/2016	10932	2963	2493	3083	2393	0	0	0	0	0
MN122159/AF3/Netherlands/2016	10932	2941	2480	3102	2409	0	0	0	0	0
MN122160/AF3/Netherlands/2016	10932	2941	2480	3101	2410	0	0	0	0	0
MN122161/AF3/Netherlands/2016	10932	2943	2475	3100	2414	0	0	0	0	0
MN122162/AF3/Netherlands/2016	10932	2935	2473	3106	2418	0	0	0	0	0
MN122163/AF3/Netherlands/2016	10932	2940	2473	3102	2417	0	0	0	0	0
MN122164/AF3/Netherlands/2016	10932	2936	2472	3106	2418	0	0	0	0	0
MN122165/AF3/Netherlands/2016	10932	2941	2476	3102	2413	0	0	0	0	0
MN122166/EU3/Netherlands/2016	10932	2959	2494	3086	2393	0	0	0	0	0
MN122167/AF3/Netherlands/2016	10932	2940	2481	3103	2408	0	0	0	0	0
MN122168/AF3/Netherlands/2016	10932	2941	2479	3102	2410	0	0	0	0	0
MN122169/AF3/Netherlands/2016	10932	2940	2473	3103	2416	0	0	0	0	0
MN122170/EU3/Netherlands/2016	10932	2958	2494	3086	2394	0	0	0	0	0
MN122171/EUx/Netherlands/2016	10932	2566	2191	2692	2023	1460	0	0	0	0
MN122172/EU3/Netherlands/2016	10932	2960	2491	3087	2394	0	0	0	0	0
MN122173/AF3/Netherlands/2016	10932	2941	2483	3102	2406	0	0	0	0	0
MN122174/EU3/Netherlands/2016	10932	2961	2492	3084	2395	0	0	0	0	0
MN122175/AF3/Netherlands/2016	10932	2935	2475	3107	2415	0	0	0	0	0
MN122176/EU3/Netherlands/2016	10932	2958	2495	3086	2393	0	0	0	0	0
MN122177/EU3/Netherlands/2016	10932	2961	2489	3085	2397	0	0	0	0	0
MN122178/AF3/Netherlands/2016	10932	2941	2484	3103	2404	0	0	0	0	0
MN122179/EU3/Netherlands/2016	10932	2961	2492	3086	2393	0	0	0	0	0
MN122180/AF3/Netherlands/2016	10932	2940	2474	3104	2414	0	0	0	0	0
MN122181/EU3/Netherlands/2016	10932	2960	2492	3087	2393	0	0	0	0	0
MN122182/AF3/Netherlands/2016	10932	2940	2474	3104	2414	0	0	0	0	0
MN122183/AF3/Netherlands/2016	10932	2943	2478	3100	2411	0	0	0	0	0
MN122184/AF3/Netherlands/2016	10932	2942	2479	3101	2410	0	0	0	0	0
MN122185/AF3/Netherlands/2016	10932	2935	2475	3107	2415	0	0	0	0	0
MN122186/AF3/Netherlands/2016	10932	2940	2473	3103	2416	0	0	0	0	0
MN122187/AF3/Netherlands/2016	10932	2936	2475	3106	2415	0	0	0	0	0
MN122188/EU3/Netherlands/2017	10932	2959	2492	3084	2397	0	0	0	0	0
MN122189/EU3/Netherlands/2017	10932	2959	2499	3085	2389	0	0	0	0	0
MN122190/EU3/Netherlands/2017	10932	2957	2495	3088	2392	0	0	0	0	0
MN122191/AF3/Netherlands/2017	10932	2944	2479	3100	2409	0	0	0	0	0
MN122192/EU3/Netherlands/2017	10932	2958	2494	3086	2394	0	0	0	0	0
MN122193/AF3/Netherlands/2017	10932	2942	2478	3101	2411	0	0	0	0	0
MN122194/AF3/Netherlands/2017	10932	2941	2475	3103	2413	0	0	0	0	0
MN122195/AF3/Netherlands/2017	10932	2944	2480	3098	2410	0	0	0	0	0
MN122196/EU3/Netherlands/2017	10932	2961	2499	3084	2388	0	0	0	0	0
MN122197/AF3/Netherlands/2017	10932	2939	2481	3104	2408	0	0	0	0	0
MN122198/EU3/Netherlands/2017	10932	2960	2491	3085	2396	0	0	0	0	0
MN122199/AF3/Netherlands/2017	10932	2939	2476	3104	2413	0	0	0	0	0
MN122200/AF3/Netherlands/2017	10932	2939	2477	3105	2411	0	0	0	0	0
MN122201/AF3/Netherlands/2017	10932	2940	2477	3103	2412	0	0	0	0	0
MN122202/AF3/Netherlands/2017	10932	2941	2479	3102	2410	0	0	0	0	0
MN122203/EU3/Netherlands/2017	10932	2960	2494	3085	2393	0	0	0	0	0
MN122204/AF3/Netherlands/2017	10932	2942	2476	3102	2412	0	0	0	0	0
MN122205/AF3/Netherlands/2017	10932	2940	2483	3103	2406	0	0	0	0	0
MN122206/AF3/Netherlands/2017	10932	2936	2473	3106	2417	0	0	0	0	0
MN122207/EUx/Netherlands/2017	10932	2863	2416	3022	2353	278	0	0	0	0
MN122208/AF3/Netherlands/2017	10932	2941	2480	3102	2409	0	0	0	0	0
MN122209/AF3/Netherlands/2017	10932	2940	2477	3103	2412	0	0	0	0	0
MN122210/AF3/Netherlands/2017	10932	2940	2479	3103	2410	0	0	0	0	0
MN122211/AF3/Netherlands/2017	10932	2936	2473	3106	2417	0	0	0	0	0
MN122212/AF3/Netherlands/2017	10932	2943	2478	3100	2411	0	0	0	0	0
MN122214/AF3/Netherlands/2017	10932	2931	2473	3112	2416	0	0	0	0	0
MN122215/EU3/Netherlands/2017	10932	2957	2498	3086	2391	0	0	0	0	0
MN122216/AF3/Netherlands/2018	10932	2938	2479	3104	2411	0	0	0	0	0
MN122217/AF3/Netherlands/2018	10932	2941	2479	3103	2409	0	0	0	0	0
MN122218/AF3/Netherlands/2018	10932	2939	2478	3105	2410	0	0	0	0	0
MN122219/AF3/Netherlands/2018	10932	2943	2478	3102	2409	0	0	0	0	0
MN122220/AF3/Netherlands/2018	10932	2937	2476	3105	2414	0	0	0	0	0
MN122221/AF3/Netherlands/2018	10932	2942	2481	3102	2407	0	0	0	0	0
MN122222/AF3/Netherlands/2018	10932	2939	2483	3104	2406	0	0	0	0	0
MN122223/AF3/Netherlands/2018	10932	2940	2479	3103	2410	0	0	0	0	0
MN122224/AF3/Netherlands/2018	10932	2934	2473	3108	2417	0	0	0	0	0
MN122225/AF3/Netherlands/2018	10932	2943	2478	3101	2410	0	0	0	0	0
MN122226/AF3/Netherlands/2018	10932	2940	2483	3103	2406	0	0	0	0	0
MN122227/AF3/Netherlands/2018	10932	2938	2475	3104	2415	0	0	0	0	0
MN122228/AF3/Netherlands/2018	10932	2942	2477	3103	2410	0	0	0	0	0
MN122229/EUx/Netherlands/2018	10932	2867	2462	3020	2292	291	0	0	0	0
MN122230/AF3/Netherlands/2018	10932	2936	2473	3108	2415	0	0	0	0	0
MN122231/AF3/Netherlands/2018	10932	2943	2474	3104	2411	0	0	0	0	0
MN122232/AF3/Netherlands/2018	10932	2944	2475	3103	2410	0	0	0	0	0
MN122233/AF3/Netherlands/2018	10932	2941	2476	3104	2411	0	0	0	0	0
MN122234/AF3/Netherlands/2018	10932	2940	2476	3104	2412	0	0	0	0	0
MN122235/EU3/Netherlands/2018	10932	2964	2492	3082	2394	0	0	0	0	0
MN122236/AF3/Netherlands/2018	10932	2935	2476	3107	2414	0	0	0	0	0
MN122237/AF3/Netherlands/2018	10932	2937	2473	3107	2415	0	0	0	0	0
MN122238/AF3/Netherlands/2018	10932	2936	2479	3106	2411	0	0	0	0	0
MN122239/AF3/Netherlands/2018	10932	2943	2477	3099	2413	0	0	0	0	0
MN122240/AF3/Netherlands/2018	10932	2940	2478	3103	2411	0	0	0	0	0
MN122241/AF3/Netherlands/2018	10932	2940	2477	3103	2412	0	0	0	0	0
MN122242/AF3/Netherlands/2018	10932	2940	2478	3103	2411	0	0	0	0	0
MN122243/AF3/Netherlands/2018	10932	2939	2475	3105	2413	0	0	0	0	0
MN122244/AF3/Netherlands/2018	10932	2939	2479	3106	2408	0	0	0	0	0
MN122245/AF3/Netherlands/2018	10932	2936	2475	3106	2415	0	0	0	0	0
MN122246/AF3/Netherlands/2018	10932	2941	2478	3104	2409	0	0	0	0	0
MN122247/AF3/Netherlands/2018	10932	2943	2481	3101	2407	0	0	0	0	0
MN122248/AF3/Netherlands/2018	10932	2943	2474	3102	2413	0	0	0	0	0
MN122249/AF3/Netherlands/2018	10932	2935	2474	3106	2417	0	0	0	0	0
MN122250/AF3/Netherlands/2018	10932	2942	2477	3104	2409	0	0	0	0	0
MN122251/AF3/Netherlands/2018	10932	2947	2480	3096	2409	0	0	0	0	0
MN122252/AF3/Netherlands/2018	10932	2943	2480	3100	2409	0	0	0	0	0
MN122253/AF3/Netherlands/2018	10932	2942	2476	3103	2411	0	0	0	0	0
MN122254/AF3/Netherlands/2018	10932	2935	2469	3106	2422	0	0	0	0	0
MN122255/AF3/Netherlands/2018	10932	2942	2482	3101	2407	0	0	0	0	0
MN122256/AF3/Netherlands/2018	10932	2943	2475	3100	2414	0	0	0	0	0
LR989889/EUx/Germany/2019	10932	2939	2475	3104	2414	0	0	0	0	0
LR989892/EUx/Germany/2019	10932	2913	2452	3080	2393	94	0	0	0	0
LR989894/EUx/Germany/2019	10932	2939	2475	3104	2414	0	0	0	0	0
ON755209/EUx/Netherlands/2016	10932	2886	2448	3079	2393	126	0	0	0	0
ON755210/EUx/Netherlands/2016	10932	2897	2453	3070	2386	126	0	0	0	0
ON755211/EUx/Netherlands/2016	10932	2897	2455	3069	2385	126	0	0	0	0
ON755212/EUx/Netherlands/2016	10932	2906	2457	3061	2382	126	0	0	0	0
ON755213/EUx/Netherlands/2016	10932	2899	2450	3068	2389	126	0	0	0	0
ON755214/EUx/Netherlands/2016	10932	2935	2476	3107	2414	0	0	0	0	0
ON755215/EUx/Netherlands/2016	10932	2936	2472	3097	2410	17	0	0	0	0
ON755216/EUx/Netherlands/2016	10932	2886	2448	3079	2393	126	0	0	0	0
ON755217/EUx/Netherlands/2016	10932	2896	2447	3071	2392	126	0	0	0	0
ON755218/EUx/Netherlands/2016	10932	2891	2453	3074	2388	126	0	0	0	0
ON755219/EUx/Netherlands/2016	10932	2802	2381	3009	2330	410	0	0	0	0
ON755220/EUx/Netherlands/2016	10932	2941	2479	3102	2410	0	0	0	0	0
ON755221/EUx/Netherlands/2016	10932	2906	2457	3061	2382	126	0	0	0	0
ON755222/EUx/Netherlands/2016	10932	2899	2450	3068	2389	126	0	0	0	0
OP921076/EUx/Netherlands/2016	10932	2742	2345	2919	2217	709	0	0	0	0
OP921077/EUx/Netherlands/2016	10932	2777	2386	2950	2250	569	0	0	0	0
OP921078/EUx/Netherlands/2018	10932	2813	2374	2968	2304	472	1	0	0	0
OP921080/EUx/Netherlands/2016	10932	2310	1980	2479	1870	2292	1	0	0	0
OP921081/EUx/Netherlands/2016	10932	2854	2415	3035	2343	284	1	0	0	0
OP921082/EUx/Netherlands/2016	10932	2244	1851	2344	1744	2749	0	0	0	0
OR141600/EUx/Germany/2023	10932	2941	2471	3104	2416	0	0	0	0	0
OR141606/EUx/Germany/2023	10932	2939	2476	3103	2414	0	0	0	0	0
OR166163/EUx/Germany/2018	10929	2956	2494	3090	2389	0	0	0	0	0
OR141603/EUx/Germany/2023	10926	2931	2469	3109	2417	0	0	0	0	0
OQ630906/EUx/Germany/2021	10925	2943	2478	3098	2406	0	0	0	0	0
MW001216/AF3/UK/2020	10922	2938	2466	3103	2414	0	1	0	0	0
OM202464/EUx/UK/2021	10922	2935	2471	3106	2410	0	0	0	0	0
OQ630904/EUx/Germany/2018	10920	2962	2490	3084	2384	0	0	0	0	0
OQ630907/EUx/Germany/2021	10920	2937	2475	3102	2405	0	1	0	0	0
OQ630908/EUx/Germany/2021	10920	2937	2470	3107	2406	0	0	0	0	0
OR141602/EUx/Germany/2023	10920	2939	2468	3104	2409	0	0	0	0	0
OR166139/EUx/Germany/2017	10920	2930	2474	3106	2410	0	0	0	0	0
OR166146/EUx/Germany/2018	10920	2931	2466	3109	2414	0	0	0	0	0
OR166149/EUx/Germany/2018	10920	2940	2475	3104	2401	0	0	0	0	0
OR166153/EUx/Germany/2018	10920	2956	2488	3088	2388	0	0	0	0	0
OR166155/EUx/Germany/2018	10920	2955	2489	3087	2389	0	0	0	0	0
OR166160/EUx/Germany/2018	10920	2956	2490	3088	2386	0	0	0	0	0
OR166161/EUx/Germany/2018	10920	2941	2469	3103	2407	0	0	0	0	0
KX816653/EU4/Italy/2012	10918	2960	2489	3082	2387	0	0	0	0	0
OR166152/EUx/Germany/2018	10917	2937	2466	3105	2409	0	0	0	0	0
OR166168/EUx/Germany/2018	10917	2956	2482	3088	2391	0	0	0	0	0
OR166140/EUx/Germany/2017	10914	2927	2465	3110	2412	0	0	0	0	0
OR166142/EUx/Germany/2018	10914	2956	2491	3082	2385	0	0	0	0	0
OR166151/EUx/Germany/2018	10914	2958	2489	3082	2385	0	0	0	0	0
ON813235/EUx/Italy/2021	10910	2950	2484	3085	2391	0	0	0	0	0
OR166136/EUx/Germany/2017	10910	2959	2487	3082	2382	0	0	0	0	0
MN122213/EU3/Netherlands/2017	10902	2952	2488	3080	2382	0	0	0	0	0
KY426765/AF3/Germany/2016	10888	2928	2462	3098	2400	0	0	0	0	0
KY426762/EU3/Germany/2016	10883	2939	2478	3080	2386	0	0	0	0	0
KU573074/EU2/Italy/2013	10875	2935	2477	3083	2380	0	0	0	0	0
KX816649/EU2/Italy/2011	10873	2940	2483	3079	2371	0	0	0	0	0
KU573075/EU2/Italy/2014	10870	2935	2478	3080	2376	0	1	0	0	0
ON032475/EUx/Italy/2020	10870	2939	2472	3080	2379	0	0	0	0	0
KX816647/EU2/Italy/2011	10869	2937	2478	3076	2371	0	7	0	0	0
ON032477/EUx/Italy/2018	10869	2937	2477	3078	2377	0	0	0	0	0
MH727238/AF2/Senegal/2013	10853	2933	2458	3066	2396	0	0	0	0	0
OQ630905/EUx/Germany/2018	10850	2917	2458	3080	2395	0	0	0	0	0
MF063043/EU2/Hungary/2016	10845	2920	2462	3068	2395	0	0	0	0	0
MH727241/AF2/Senegal/2013	10843	2932	2457	3061	2393	0	0	0	0	0
OP007489/EUx/Netherlands/2016	10843	2906	2429	3051	2382	74	1	0	0	0
MH727239/AF2/Senegal/2013	10841	2933	2456	3059	2393	0	0	0	0	0
MH727240/AF2/Senegal/2013	10841	2930	2456	3061	2394	0	0	0	0	0
KC754954/AF2/Senegal/1974	10837	2926	2447	3062	2402	0	0	0	0	0
KC754956/AF3/Senegal/1993	10837	2911	2482	3070	2374	0	0	0	0	0
OP734246/EUx/Italy/2022	10837	2918	2459	3068	2392	0	0	0	0	0
OP734250/EUx/Italy/2022	10837	2917	2455	3067	2398	0	0	0	0	0
OP734253/EUx/Italy/2022	10837	2917	2456	3066	2395	3	0	0	0	0
OP734254/EUx/Italy/2022	10837	2921	2455	3065	2396	0	0	0	0	0
OR921102/EUx/Italy/2023	10837	2923	2462	3063	2389	0	0	0	0	0
PP104383/EUx/Italy/2023	10837	2913	2454	3070	2400	0	0	0	0	0
PP104388/EUx/Italy/2023	10837	2920	2464	3065	2388	0	0	0	0	0
PP104391/EUx/Italy/2023	10837	2921	2460	3064	2392	0	0	0	0	0
OP734256/EUx/Italy/2022	10836	2916	2460	3065	2393	2	0	0	0	0
OP734260/EUx/Italy/2022	10836	2914	2458	3069	2395	0	0	0	0	0
OP734251/EUx/Italy/2022	10835	2910	2454	3055	2388	28	0	0	0	0
OR757497/EUx/Italy/2023	10835	2912	2457	3071	2393	1	1	0	0	0
OR921100/EUx/Italy/2023	10835	2871	2448	3035	2359	120	2	0	0	0
MK796168/EU3/Netherlands/2016	10828	2923	2474	3059	2372	0	0	0	0	0
OP734249/EUx/Italy/2022	10826	2882	2434	3032	2358	120	0	0	0	0
PP104387/EUx/Italy/2023	10826	2917	2462	3063	2384	0	0	0	0	0
KC754957/AF3/Senegal/2007	10825	2909	2461	3069	2386	0	0	0	0	0
ON813227/AFx/Senegal/2005	10813	2925	2450	3042	2382	7	7	0	0	0
OR921103/EUx/Italy/2023	10806	2889	2436	3035	2357	89	0	0	0	0
KC754955/AF3/CAR/1981	10800	2904	2470	3056	2370	0	0	0	0	0
MF991886/EU2/Austria/2017	10792	2907	2455	3048	2382	0	0	0	0	0
OP734252/EUx/Italy/2022	10773	2882	2430	3032	2360	69	0	0	0	0
ON813228/AFx/Senegal/2005	10754	2912	2445	3031	2366	0	0	0	0	0
KC754958/AF1/CAR/1969	10745	2879	2387	3081	2398	0	0	0	0	0
OP921083/EUx/Netherlands/2016	10743	2545	2157	2711	2035	1295	0	0	0	0
KU573072/EU2/Italy/2013	10733	2905	2450	3025	2349	0	4	0	0	0
OR573992/EUx/Netherlands/2017	10728	2904	2455	3025	2344	0	0	0	0	0
OR573993/EUx/Netherlands/2017	10728	2904	2453	3025	2346	0	0	0	0	0
ON813229/AFx/Senegal/2005	10694	2888	2420	3017	2357	0	12	0	0	0
KY426754/AF3/Germany/2015	10689	2870	2422	3033	2364	0	0	0	0	0
OR921106/EUx/Italy/2023	10684	2876	2438	3019	2337	14	0	0	0	0
OR921101/EUx/Italy/2023	10681	2876	2439	3024	2341	1	0	0	0	0
OR921099/EUx/Italy/2023	10671	2878	2420	3021	2351	0	1	0	0	0
OP921079/EUx/Netherlands/2018	10656	2492	2064	2595	1984	1521	0	0	0	0
OP734258/EUx/Italy/2022	10649	2798	2345	2905	2253	348	0	0	0	0
KU573070/EU2/Italy/2013	10647	2873	2422	3008	2343	0	1	0	0	0
OR757492/EUx/Italy/2023	10647	2872	2422	3013	2340	0	0	0	0	0
OR757494/EUx/Italy/2023	10647	2868	2421	3015	2341	2	0	0	0	0
OR757493/EUx/Italy/2023	10646	2872	2412	3010	2352	0	0	0	0	0
OR757496/EUx/Italy/2023	10609	2859	2412	3000	2338	0	0	0	0	0
OR921098/EUx/Italy/2023	10607	2862	2413	2992	2329	11	0	0	0	0
OR921105/EUx/Italy/2023	10598	2864	2415	2990	2328	0	1	0	0	0
ON813226/AFx/Senegal/2005	10591	2869	2409	2980	2326	0	7	0	0	0
OR757495/EUx/Italy/2023	10539	2848	2397	2984	2310	0	0	0	0	0
PP104384/EUx/Italy/2023	10534	2806	2360	2928	2282	158	0	0	0	0
MH891847/AF3/Netherlands/2016	10518	2824	2362	2984	2347	0	1	0	0	0
OP734257/EUx/Italy/2022	10515	2841	2384	2973	2317	0	0	0	0	0
OR921093/EUx/Italy/2023	10515	2835	2379	2964	2302	34	1	0	0	0
OP734259/EUx/Italy/2022	10505	2837	2379	2972	2317	0	0	0	0	0
OP734247/EUx/Italy/2022	10503	2636	2226	2757	2138	745	1	0	0	0
OP734255/EUx/Italy/2022	10498	2832	2383	2971	2310	2	0	0	0	0
OP734248/EUx/Italy/2022	10497	2833	2380	2973	2310	0	1	0	0	0
MH727242/AF2/Senegal/2013	10495	2845	2371	2957	2322	0	0	0	0	0
OP734245/EUx/Italy/2022	10495	2833	2376	2970	2308	0	8	0	0	0
OR921097/EUx/Italy/2023	10495	2836	2381	2969	2309	0	0	0	0	0
PP104386/EUx/Italy/2023	10495	2838	2377	2969	2311	0	0	0	0	0
PP104389/EUx/Italy/2023	10495	2826	2385	2950	2287	47	0	0	0	0
OP734261/EUx/Italy/2022	10494	2723	2303	2866	2186	415	1	0	0	0
OR921095/EUx/Italy/2023	10494	2831	2379	2970	2313	0	1	0	0	0
PP104385/EUx/Italy/2023	10494	2834	2394	2968	2298	0	0	0	0	0
MN989418/EU2/Italy/2018	10492	2835	2377	2959	2321	0	0	0	0	0
ON813225/AFx/Senegal/2013	10491	2843	2378	2952	2294	0	24	0	0	0
ON813220/AFx/Senegal/2016	10490	2762	2327	2892	2276	217	16	0	0	0
ON032476/EUx/Italy/2020	10488	2824	2362	2960	2320	21	1	0	0	0
ON813224/AFx/Senegal/2016	10487	2794	2335	2909	2264	176	9	0	0	0
ON813236/EUx/Italy/2021	10484	2745	2325	2886	2214	312	2	0	0	0
ON813223/AFx/Senegal/2016	10483	2763	2333	2894	2274	212	7	0	0	0
OR921096/EUx/Italy/2023	10483	2809	2380	2967	2293	31	3	0	0	0
OR921104/EUx/Italy/2023	10483	2805	2363	2942	2282	90	1	0	0	0
ON813221/AFx/Senegal/2016	10482	2839	2379	2959	2299	0	6	0	0	0
ON813222/AFx/Senegal/2016	10482	2833	2380	2958	2304	0	7	0	0	0
OR921094/EUx/Italy/2023	10481	2831	2380	2962	2307	1	0	0	0	0
KY128481/EU3/France/2016	10475	2835	2368	2948	2318	3	3	0	0	0
PP104390/EUx/Italy/2023	10424	2781	2359	2941	2284	58	1	0	0	0
OR757488/EUx/Italy/2023	10401	2810	2366	2938	2287	0	0	0	0	0
OR757490/EUx/Italy/2023	10401	2806	2353	2943	2297	1	1	0	0	0
OR757489/EUx/Italy/2023	10400	2807	2355	2942	2296	0	0	0	0	0
OR757491/EUx/Italy/2023	10400	2805	2354	2941	2300	0	0	0	0	0
KY501101/EUx/Germany/2016	10397	1683	1405	1718	1404	4187	0	0	0	0
KX816651/EU2/Italy/2012	10387	2811	2362	2934	2280	0	0	0	0	0
KU573076/EU2/Italy/2014	10365	2797	2354	2931	2283	0	0	0	0	0
MG888044/EU1/Serbia/2014	10361	2809	2358	2928	2266	0	0	0	0	0
MN122147/AF3/Netherlands/2016	10332	2785	2353	2934	2260	0	0	0	0	0
KX977447/EU3/Belgium/2016	10325	2790	2361	2919	2254	1	0	0	0	0
KU573073/EU4/Italy/2013	10321	2798	2355	2921	2247	0	0	0	0	0
OR166135/EUx/Germany/2017	10317	2785	2352	2928	2252	0	0	0	0	0
KX816652/EU2/Italy/2012	10308	2787	2362	2920	2239	0	0	0	0	0
MN813488/AF2/Senegal/2003	10305	2793	2343	2917	2251	0	1	0	0	0
MN813489/AF2/Spain/2009	10305	2796	2339	2911	2259	0	0	0	0	0
MN813490/AF3/Netherlands/2016	10305	2772	2342	2934	2257	0	0	0	0	0
MN813491/EU5/Uganda/2012	10305	2786	2370	2921	2228	0	0	0	0	0
MN813492/AF2/SouthAfrica/1959	10305	2798	2357	2913	2237	0	0	0	0	0
MW164634/EUx/Italy/2011	10305	2788	2360	2917	2240	0	0	0	0	0
MW164635/EUx/Italy/2011	10305	2789	2361	2916	2238	0	1	0	0	0
MW164636/EUx/Italy/2011	10305	2787	2363	2918	2237	0	0	0	0	0
MW164637/EUx/Italy/2011	10305	2787	2359	2917	2238	0	4	0	0	0
MW164638/EUx/Italy/2011	10305	2784	2361	2920	2240	0	0	0	0	0
MW164639/EUx/Italy/2011	10305	2787	2362	2918	2238	0	0	0	0	0
MW164640/EUx/Italy/2011	10305	2789	2359	2917	2239	0	1	0	0	0
MW164641/EUx/Italy/2012	10305	2784	2361	2917	2238	0	5	0	0	0
MW164642/EUx/Italy/2012	10305	2786	2362	2918	2238	0	1	0	0	0
MW164643/EUx/Italy/2012	10305	2785	2366	2920	2234	0	0	0	0	0
MW164644/EUx/Italy/2012	10305	2786	2363	2919	2237	0	0	0	0	0
MW164645/EUx/Italy/2012	10305	2782	2363	2919	2237	0	4	0	0	0
MW164646/EUx/Italy/2012	10305	2788	2360	2919	2238	0	0	0	0	0
MW164647/EUx/Italy/2012	10305	2786	2359	2919	2235	0	6	0	0	0
MW164648/EUx/Italy/2012	10305	2790	2362	2917	2236	0	0	0	0	0
MW164649/EUx/Italy/2012	10305	2786	2362	2920	2237	0	0	0	0	0
MW164650/EUx/Italy/2012	10305	2785	2360	2920	2239	0	1	0	0	0
MW164651/EUx/Italy/2012	10305	2786	2358	2921	2240	0	0	0	0	0
MW164652/EUx/Italy/2012	10305	2789	2357	2917	2242	0	0	0	0	0
MW164653/EUx/Italy/2012	10305	2787	2362	2920	2236	0	0	0	0	0
MW164654/EUx/Italy/2012	10305	2789	2362	2917	2237	0	0	0	0	0
MW164655/EUx/Italy/2012	10305	2788	2357	2918	2242	0	0	0	0	0
MW164656/EUx/Italy/2012	10305	2785	2360	2920	2240	0	0	0	0	0
MW164657/EUx/Italy/2012	10305	2787	2358	2918	2242	0	0	0	0	0
MW164658/EUx/Italy/2013	10305	2784	2364	2919	2237	0	1	0	0	0
MW164659/EUx/Italy/2013	10305	2787	2356	2919	2241	0	2	0	0	0
MW164660/EUx/Italy/2013	10305	2784	2352	2921	2245	0	3	0	0	0
MW164661/EUx/Italy/2013	10305	2783	2357	2922	2243	0	0	0	0	0
MW164662/EUx/Italy/2013	10305	2784	2360	2922	2238	0	1	0	0	0
MW164663/EUx/Italy/2013	10305	2785	2362	2918	2239	0	1	0	0	0
MW164664/EUx/Italy/2013	10305	2782	2355	2922	2245	0	1	0	0	0
MW164665/EUx/Italy/2013	10305	2786	2362	2919	2238	0	0	0	0	0
MW164666/EUx/Italy/2013	10305	2784	2356	2923	2240	0	2	0	0	0
MW164667/EUx/Italy/2013	10305	2785	2364	2919	2237	0	0	0	0	0
MW164668/EUx/Italy/2013	10305	2782	2362	2919	2241	0	1	0	0	0
MW164669/EUx/Italy/2013	10305	2786	2361	2918	2240	0	0	0	0	0
MW164670/EUx/Italy/2013	10305	2786	2363	2918	2238	0	0	0	0	0
MW164671/EUx/Italy/2014	10305	2787	2360	2917	2241	0	0	0	0	0
MW164672/EUx/Italy/2014	10305	2786	2356	2916	2233	0	14	0	0	0
MW164673/EUx/Italy/2014	10305	2788	2358	2916	2242	0	1	0	0	0
MW164674/EUx/Italy/2014	10305	2786	2360	2918	2241	0	0	0	0	0
MW164676/EUx/Italy/2014	10305	2786	2366	2920	2232	0	1	0	0	0
MW164677/EUx/Italy/2014	10305	2787	2363	2920	2235	0	0	0	0	0
MW164678/EUx/Italy/2014	10305	2787	2362	2917	2239	0	0	0	0	0
MW164679/EUx/Italy/2014	10305	2786	2365	2917	2236	0	1	0	0	0
MW164680/EUx/Italy/2014	10305	2788	2360	2916	2241	0	0	0	0	0
MW164681/EUx/Italy/2014	10305	2786	2359	2920	2237	0	3	0	0	0
MW164682/EUx/Italy/2014	10305	2787	2362	2915	2239	0	2	0	0	0
MW164683/EUx/Italy/2014	10305	2785	2359	2921	2237	0	3	0	0	0
MW164684/EUx/Italy/2014	10305	2789	2358	2915	2243	0	0	0	0	0
MW164685/EUx/Italy/2015	10305	2790	2359	2918	2236	0	2	0	0	0
MW164686/EUx/Italy/2015	10305	2785	2360	2923	2237	0	0	0	0	0
MW164687/EUx/Italy/2015	10305	2789	2357	2917	2242	0	0	0	0	0
MW164688/EUx/Italy/2015	10305	2788	2361	2919	2237	0	0	0	0	0
MW164689/EUx/Italy/2015	10305	2785	2359	2920	2241	0	0	0	0	0
MW164690/EUx/Italy/2015	10305	2785	2360	2922	2238	0	0	0	0	0
MW164691/EUx/Italy/2015	10305	2785	2356	2921	2243	0	0	0	0	0
MW164692/EUx/Italy/2015	10305	2785	2360	2922	2238	0	0	0	0	0
MW164693/EUx/Italy/2015	10305	2786	2357	2921	2241	0	0	0	0	0
MW164694/EUx/Italy/2015	10305	2787	2355	2920	2243	0	0	0	0	0
MW164695/EUx/Italy/2015	10305	2783	2358	2921	2243	0	0	0	0	0
MW164696/EUx/Italy/2015	10305	2783	2358	2921	2243	0	0	0	0	0
MW164697/EUx/Italy/2016	10305	2783	2359	2924	2239	0	0	0	0	0
MW164698/EUx/Italy/2016	10305	2788	2360	2916	2241	0	0	0	0	0
MW164699/EUx/Italy/2016	10305	2783	2362	2923	2237	0	0	0	0	0
MW164700/EUx/Italy/2016	10305	2786	2357	2921	2241	0	0	0	0	0
MW164701/EUx/Italy/2016	10305	2785	2358	2921	2239	0	2	0	0	0
MW164702/EUx/Italy/2016	10305	2786	2354	2919	2246	0	0	0	0	0
MW164703/EUx/Italy/2016	10305	2780	2361	2925	2236	0	3	0	0	0
MW164704/EUx/Italy/2016	10305	2786	2358	2921	2240	0	0	0	0	0
MW164705/EUx/Italy/2016	10305	2781	2362	2922	2239	0	1	0	0	0
MW164706/EUx/Italy/2016	10305	2786	2357	2922	2240	0	0	0	0	0
MW164707/EUx/Italy/2016	10305	2788	2358	2920	2238	0	1	0	0	0
MW164708/EUx/Italy/2017	10305	2790	2356	2916	2243	0	0	0	0	0
MW164709/EUx/Italy/2017	10305	2787	2358	2921	2238	0	1	0	0	0
MW164710/EUx/Italy/2017	10305	2785	2359	2921	2238	0	2	0	0	0
MW164711/EUx/Italy/2017	10305	2791	2361	2916	2235	0	2	0	0	0
MW164712/EUx/Italy/2017	10305	2783	2357	2923	2242	0	0	0	0	0
MW164713/EUx/Italy/2017	10305	2788	2361	2920	2236	0	0	0	0	0
MW164714/EUx/Italy/2017	10305	2787	2362	2919	2237	0	0	0	0	0
MW164715/EUx/Italy/2017	10305	2784	2360	2921	2240	0	0	0	0	0
MW164716/EUx/Italy/2017	10305	2784	2357	2921	2242	0	1	0	0	0
MW164717/EUx/Italy/2017	10305	2779	2347	2918	2230	0	31	0	0	0
MW164719/EUx/Italy/2017	10305	2786	2355	2921	2240	0	3	0	0	0
MW164720/EUx/Italy/2017	10305	2786	2361	2919	2235	0	4	0	0	0
MW164721/EUx/Italy/2017	10305	2783	2352	2920	2248	0	2	0	0	0
MW164722/EUx/Italy/2017	10305	2786	2356	2920	2243	0	0	0	0	0
MW164723/EUx/Italy/2017	10305	2783	2357	2923	2242	0	0	0	0	0
MW164724/EUx/Italy/2017	10305	2781	2343	2914	2228	0	39	0	0	0
MW164725/EUx/Italy/2017	10305	2784	2359	2923	2239	0	0	0	0	0
MW164726/EUx/Italy/2017	10305	2786	2356	2924	2239	0	0	0	0	0
MW164727/EUx/Italy/2017	10305	2783	2358	2923	2241	0	0	0	0	0
MW164728/EUx/Italy/2017	10305	2782	2357	2925	2241	0	0	0	0	0
MW164729/EUx/Italy/2017	10305	2785	2358	2922	2240	0	0	0	0	0
MW164730/EUx/Italy/2018	10305	2781	2357	2925	2242	0	0	0	0	0
MW164731/EUx/Italy/2018	10305	2785	2358	2921	2241	0	0	0	0	0
MW164732/EUx/Italy/2018	10305	2783	2363	2921	2237	0	1	0	0	0
MW164733/EUx/Italy/2018	10305	2787	2351	2919	2230	0	18	0	0	0
MW164734/EUx/Italy/2018	10305	2782	2361	2924	2238	0	0	0	0	0
MW164735/EUx/Italy/2018	10305	2784	2359	2919	2234	0	9	0	0	0
MW164736/EUx/Italy/2018	10305	2791	2361	2917	2236	0	0	0	0	0
MW164737/EUx/Italy/2018	10305	2780	2351	2918	2227	0	29	0	0	0
MW164738/EUx/Italy/2018	10305	2786	2355	2920	2244	0	0	0	0	0
MW164739/EUx/Italy/2018	10305	2783	2354	2925	2242	0	1	0	0	0
MW164740/EUx/Italy/2018	10305	2790	2363	2918	2234	0	0	0	0	0
MW164741/EUx/Italy/2018	10305	2788	2357	2919	2241	0	0	0	0	0
MW164742/EUx/Italy/2018	10305	2778	2357	2928	2241	0	1	0	0	0
MW164743/EUx/Italy/2018	10305	2787	2355	2920	2243	0	0	0	0	0
MW164744/EUx/Italy/2018	10305	2791	2363	2917	2233	0	1	0	0	0
MW164745/EUx/Italy/2018	10305	2785	2353	2923	2242	0	2	0	0	0
MW164746/EUx/Italy/2018	10305	2783	2353	2923	2246	0	0	0	0	0
MW164747/EUx/Italy/2018	10305	2783	2360	2922	2240	0	0	0	0	0
MW164748/EUx/Italy/2018	10305	2785	2358	2922	2239	0	1	0	0	0
MW164749/EUx/Italy/2018	10305	2785	2357	2921	2242	0	0	0	0	0
MW164750/EUx/Italy/2018	10305	2777	2350	2915	2222	0	41	0	0	0
MW164751/EUx/Italy/2018	10305	2791	2362	2917	2235	0	0	0	0	0
MW164752/EUx/Italy/2018	10305	2790	2359	2917	2235	0	4	0	0	0
MW164753/EUx/Italy/2018	10305	2785	2345	2918	2241	0	16	0	0	0
MW164754/EUx/Italy/2018	10305	2781	2356	2925	2243	0	0	0	0	0
MW164755/EUx/Italy/2018	10305	2792	2362	2916	2235	0	0	0	0	0
MW164756/EUx/Italy/2018	10305	2791	2360	2918	2236	0	0	0	0	0
MW164757/EUx/Italy/2018	10305	2782	2363	2922	2238	0	0	0	0	0
MW164758/EUx/Italy/2018	10305	2787	2354	2921	2243	0	0	0	0	0
MW164759/EUx/Italy/2018	10305	2782	2357	2924	2242	0	0	0	0	0
MW164760/EUx/Italy/2018	10305	2787	2356	2920	2241	0	1	0	0	0
MW164761/EUx/Italy/2018	10305	2787	2358	2921	2239	0	0	0	0	0
MW164762/EUx/Italy/2018	10305	2789	2353	2919	2243	0	1	0	0	0
MW164764/EUx/Italy/2018	10305	2786	2353	2921	2245	0	0	0	0	0
MW164765/EUx/Italy/2018	10305	2785	2362	2921	2237	0	0	0	0	0
MW164766/EUx/Italy/2018	10305	2782	2351	2923	2248	0	1	0	0	0
MW164767/EUx/Italy/2018	10305	2791	2359	2917	2238	0	0	0	0	0
MW164768/EUx/Italy/2018	10305	2790	2361	2917	2236	0	1	0	0	0
MW164769/EUx/Italy/2018	10305	2785	2361	2921	2238	0	0	0	0	0
MW164770/EUx/Italy/2018	10305	2787	2353	2921	2244	0	0	0	0	0
MW164771/EUx/Italy/2018	10305	2787	2358	2920	2240	0	0	0	0	0
OR141529/EUx/Germany/2023	10304	2792	2366	2912	2234	0	0	0	0	0
OR141531/EUx/Germany/2023	10304	2775	2355	2929	2245	0	0	0	0	0
OR141532/EUx/Germany/2023	10304	2795	2366	2911	2232	0	0	0	0	0
OR141533/EUx/Germany/2023	10304	2773	2353	2930	2248	0	0	0	0	0
OR141534/EUx/Germany/2023	10304	2775	2347	2930	2252	0	0	0	0	0
OR141535/EUx/Germany/2023	10304	2792	2361	2913	2238	0	0	0	0	0
OR141536/EUx/Germany/2023	10304	2793	2363	2913	2235	0	0	0	0	0
OR141537/EUx/Germany/2023	10304	2795	2365	2912	2232	0	0	0	0	0
OR141538/EUx/Germany/2023	10304	2796	2364	2909	2235	0	0	0	0	0
OR141539/EUx/Germany/2023	10304	2782	2353	2922	2247	0	0	0	0	0
OR141540/EUx/Germany/2023	10304	2774	2347	2930	2253	0	0	0	0	0
OR141541/EUx/Germany/2023	10304	2792	2359	2912	2241	0	0	0	0	0
OR141542/EUx/Germany/2023	10304	2795	2360	2913	2236	0	0	0	0	0
OR141543/EUx/Germany/2023	10304	2778	2351	2926	2249	0	0	0	0	0
OR141544/EUx/Germany/2023	10304	2795	2359	2913	2237	0	0	0	0	0
OR141545/EUx/Germany/2023	10304	2773	2349	2931	2251	0	0	0	0	0
OR141546/EUx/Germany/2023	10304	2774	2348	2930	2252	0	0	0	0	0
OR141547/EUx/Germany/2023	10304	2773	2350	2931	2250	0	0	0	0	0
OR141548/EUx/Germany/2023	10304	2776	2350	2928	2250	0	0	0	0	0
OR141549/EUx/Germany/2023	10304	2777	2347	2929	2251	0	0	0	0	0
OR141550/EUx/Germany/2023	10304	2778	2350	2926	2250	0	0	0	0	0
OR141551/EUx/Germany/2023	10304	2776	2346	2928	2254	0	0	0	0	0
OR141552/EUx/Germany/2023	10304	2771	2347	2933	2253	0	0	0	0	0
OR141553/EUx/Germany/2023	10304	2771	2345	2931	2257	0	0	0	0	0
OR141554/EUx/Germany/2023	10304	2770	2345	2932	2257	0	0	0	0	0
OR141555/EUx/Germany/2023	10304	2777	2347	2929	2251	0	0	0	0	0
OR141556/EUx/Germany/2023	10304	2778	2347	2928	2251	0	0	0	0	0
OR141557/EUx/Germany/2023	10304	2773	2347	2931	2253	0	0	0	0	0
OR141558/EUx/Germany/2023	10304	2775	2346	2929	2254	0	0	0	0	0
OR141559/EUx/Germany/2023	10304	2773	2343	2930	2258	0	0	0	0	0
OR141560/EUx/Germany/2023	10304	2775	2352	2929	2248	0	0	0	0	0
OR141561/EUx/Germany/2023	10304	2775	2353	2929	2247	0	0	0	0	0
OR141562/EUx/Germany/2023	10304	2771	2346	2933	2254	0	0	0	0	0
OR141563/EUx/Germany/2023	10304	2773	2352	2932	2247	0	0	0	0	0
OR141564/EUx/Germany/2023	10304	2774	2347	2930	2253	0	0	0	0	0
OR141565/EUx/Germany/2023	10304	2775	2348	2929	2252	0	0	0	0	0
OR141566/EUx/Germany/2023	10304	2774	2341	2930	2259	0	0	0	0	0
OR141567/EUx/Germany/2023	10304	2793	2366	2912	2233	0	0	0	0	0
OR141568/EUx/Germany/2023	10304	2795	2359	2910	2240	0	0	0	0	0
OR141569/EUx/Germany/2023	10304	2792	2361	2912	2239	0	0	0	0	0
OR141570/EUx/Germany/2023	10304	2794	2363	2913	2234	0	0	0	0	0
OR141571/EUx/Germany/2023	10304	2793	2362	2912	2237	0	0	0	0	0
OR141572/EUx/Germany/2023	10304	2795	2362	2910	2237	0	0	0	0	0
OR141573/EUx/Germany/2023	10304	2785	2358	2919	2242	0	0	0	0	0
OR141574/EUx/Germany/2023	10304	2786	2364	2918	2236	0	0	0	0	0
OR141575/EUx/Germany/2023	10304	2786	2357	2918	2243	0	0	0	0	0
OR141576/EUx/Germany/2023	10304	2784	2357	2918	2245	0	0	0	0	0
OR141578/EUx/Germany/2023	10304	2776	2350	2928	2250	0	0	0	0	0
OR141579/EUx/Germany/2023	10304	2778	2347	2927	2252	0	0	0	0	0
OR141580/EUx/Germany/2023	10304	2769	2342	2933	2260	0	0	0	0	0
OR141581/EUx/Germany/2023	10304	2768	2343	2933	2260	0	0	0	0	0
OR141582/EUx/Germany/2023	10304	2778	2348	2925	2253	0	0	0	0	0
OR141583/EUx/Germany/2023	10304	2779	2350	2925	2250	0	0	0	0	0
OR141584/EUx/Germany/2023	10304	2779	2350	2925	2250	0	0	0	0	0
OR141585/EUx/Germany/2023	10304	2775	2348	2929	2252	0	0	0	0	0
OR141586/EUx/Germany/2023	10304	2776	2352	2928	2248	0	0	0	0	0
OR141587/EUx/Germany/2023	10304	2794	2364	2912	2234	0	0	0	0	0
OR141588/EUx/Germany/2023	10304	2794	2363	2913	2234	0	0	0	0	0
OR141589/EUx/Germany/2023	10304	2794	2356	2912	2242	0	0	0	0	0
OR141590/EUx/Germany/2023	10304	2791	2355	2913	2245	0	0	0	0	0
OR141592/EUx/Germany/2023	10304	2792	2365	2914	2233	0	0	0	0	0
OR141593/EUx/Germany/2023	10304	2794	2362	2912	2236	0	0	0	0	0
OR141594/EUx/Germany/2023	10304	2791	2367	2913	2233	0	0	0	0	0
OR141595/EUx/Germany/2023	10304	2792	2359	2913	2240	0	0	0	0	0
OR141596/EUx/Germany/2023	10304	2784	2359	2917	2237	0	7	0	0	0
OR141597/EUx/Germany/2023	10304	2785	2362	2918	2239	0	0	0	0	0
OR141598/EUx/Germany/2023	10304	2788	2362	2917	2237	0	0	0	0	0
OR141591/EUx/Germany/2023	10243	2773	2349	2898	2223	0	0	0	0	0
KX816648/EU2/Italy/2011	10214	2757	2351	2894	2212	0	0	0	0	0
OR141577/EUx/Germany/2023	10214	2757	2351	2894	2212	0	0	0	0	0
KX816646/EU4/Italy/2010	10203	2761	2340	2883	2217	0	2	0	0	0
